id,title,description,content,source,publishedAt,URL,imgURL,category
4,‘Vanderpump Rules’ Renewed For Season 12 By Bravo With All-New Cast - Deadline,"Bravo has renewed Vanderpump Rules for a 12th season, which will return with an all-new cast.","Bravo has renewed Vanderpump Rules for a 12th season, which will return with an all-new cast.
The network revealed today that season 12 will feature Lisa Vanderpump and a new group of “close-knit SU… [+1673 chars]",Deadline,2024-11-26 16:51:00,http://deadline.com/2024/11/vanderpump-rules-renewed-season-12-bravo-new-cast-1236187839/,https://deadline.com/wp-content/uploads/2024/04/vanderpump-rules.jpg?w=1024,E-Sports
6,Thank Goodness the ‘Holding Space’ Interviewer Doesn’t Get the Joke - Vulture,"Tracy E. Gilchrist, better known as the ‘holding space’ interviewer, doesn’t really get the joke and she doesn’t intend to make merch. These days, that’s a win for the culture.","On the ever-curdling internet, where misinformation reigns supreme and the general vibe is tragic, its important to enjoy things while you still can. Because, usually, the enjoyable gets annoying too… [+1670 chars]",Vulture,2024-11-26 16:23:23,http://www.vulture.com/article/wicked-holding-space-interview-journalist.html,https://pyxis.nymag.com/v1/imgs/9d2/065/c6776f3619f3866987a55af9a7a952d436-holdingspace.1x.rsocial.w1200.png,Entertainment
8,"Losing Weight With Ozempic Might Also Lighten Your Bar Tab, Study Finds - Gizmodo","A study of 14,000 WeightWatchers participants is the latest to suggest that Ozempic and similar obesity drugs could be adapted into treatments for substance use disorders.",Losing weight with Ozempic and similar drugs might have another unexpected benefit: a lighter bar tab. New research published today has found evidence that people taking these drugs often cut down th… [+5252 chars],Gizmodo.com,2024-11-26 16:00:57,https://gizmodo.com/losing-weight-with-ozempic-might-also-lighten-your-bar-tab-study-finds-2000530051,https://gizmodo.com/app/uploads/2024/11/GettyImages-124337728.jpg,Lifestyle
85,Apple says it uses Amazon's custom AI chips - CNBC,Apple is currently using Amazon Web Services' custom AI chips for services like searching and will evaluate if its latest AI chip can be used to pre-train its AI models like Apple Intelligence.,Apple is currently using Amazon Web Services' custom artificial intelligence chips for services like search and will evaluate if the company's latest AI chip can be used to pretrain its models like A… [+3175 chars],CNBC,2024-12-03 18:38:40,https://www.cnbc.com/2024/12/03/apple-says-it-uses-amazons-custom-ai-chips-.html,https://image.cnbcfm.com/api/v1/image/107344528-1701979654141-107344528-1701960145166-Jassy3.jpg?v=1701979662&w=1920&h=1080,Technology
99,‘Moana 2’ Moola Now At $400M+ Worldwide – Box Office - Deadline,"The global running cume for ''Moana 2'' stands at $400M+ through Dec. 3, 2024.","After six days of release worldwide, Disney’s record-breaking Moana 2stands at $404.5M, passing this year’s Kingdom of the Planet of the Apes ($397.4M) and Bad Boys: Ride or Die ($404.5M), already th… [+1387 chars]",Deadline,2024-12-03 17:44:00,http://deadline.com/2024/12/moana-2-worldwide-box-office-monday-1236192699/,https://deadline.com/wp-content/uploads/2024/12/MOANA2-ONLINE-USE-mono_fullcomp.0082_4K.jpeg?w=1024,Entertainment
11,The Only Known Natural Nuclear Reactor On Earth Is 2 Billion Years Old - IFLScience,"Long before humans had a go, nature created a nuclear reactor in Oklo, Gabon.","Long before humans began creating nuclear reactors to fulfill our ridiculous energy needs, back when the Earth was dominated by microbes, in fact, nature beat us to it and built the first nuclear rea… [+2555 chars]",IFLScience,2024-11-26 14:50:51,https://www.iflscience.com/the-only-known-natural-nuclear-reactor-on-earth-is-2-billion-years-old-76940,https://assets.iflscience.com/assets/articleNo/76940/aImg/80455/abandoned-uranium-mine-meta.png,Environment
1,SMCI Rally Fizzles. AI Stock Slides Again Ending Strong Run. - Investor's Business Daily,SMCI stock fell again Tuesday ending a strong rally that appeared to signal that the data center tech company was bouncing back.,"Shares of Super Micro Computer slipped again Tuesday ending a rally that appeared to signal a recovery from recent setbacks. SMCI stock rose sharply Monday extending a strong run for last week, but t… [+3145 chars]",Investor's Business Daily,2024-11-26 17:26:00,https://www.investors.com/news/technology/smci-stock-supermicro-super-micro-computer-rally/,https://www.investors.com/wp-content/uploads/2024/06/Stock-SuperMicroComputer-servers-01-company.jpg,Business
25,"The Best 50+ Black Friday Apple Deals on AirPods, iPads, MacBooks, and More - MacRumors","Black Friday 2024 is here, and as always this is the best time of the year to shop for great deals on just about everything. Right now, this includes...","Black Friday 2024 is here, and as always this is the best time of the year to shop for great deals on just about everything. Right now, this includes big savings on popular Apple products like AirPod… [+6038 chars]",MacRumors,2024-11-28 21:01:41,https://www.macrumors.com/2024/11/28/best-apple-black-friday-deals-2024/,https://images.macrumors.com/t/TBAx5R8KQFtW9IU90pmni1KwqgI=/2500x/article-new/2024/11/General-Black-Friday-Deals-24-Blue-Snowmen.jpg,Business
150,OpenAI’s 12 days of ‘shipmas’ include Sora and new reasoning model - The Verge,OpenAI is about to launch 12 days of AI announcements. Sources tell The Verge the announcements will include Sora and a new reasoning model.,"OpenAIs 12 days of shipmas include Sora and new reasoning model
OpenAIs 12 days of shipmas include Sora and new reasoning model
 / OpenAI is getting ready for a busy, festive period of AI announcem… [+1993 chars]",The Verge,2024-12-04 15:08:42,https://www.theverge.com/2024/12/4/24312352/openai-sora-o1-reasoning-12-days-shipmas,https://cdn.vox-cdn.com/thumbor/ZeFqdOYThd7HY8SESgL187x7Cts=/0x0:2040x1360/1200x628/filters:focal(1020x680:1021x681)/cdn.vox-cdn.com/uploads/chorus_asset/file/25636776/VST_0924_Site.jpg,Business
9,Alzheimer’s Drug Shrinks Brain Volume by Removing Amyloid Plaques - Neuroscience News,"Brain volume loss linked to new Alzheimer’s immunotherapies, such as lecanemab, is caused by the removal of amyloid plaques rather than neuronal damage.","Summary: Brain volume loss linked to new Alzheimers immunotherapies, such as lecanemab, is caused by the removal of amyloid plaques rather than neuronal damage. Researchers analyzed data from multipl… [+4018 chars]",Neurosciencenews.com,2024-11-26 15:18:46,https://neurosciencenews.com/alzheimers-drug-brain-shrikage-28137/,https://neurosciencenews.com/files/2024/11/alzheimer-brain-shrinkage-drug-neuroscience.jpg,E-Sports
16,This killer translucent keyboard kit is on sale for $95 - The Verge,"The wired Omnitype Bauer Lite is a barebones, 65 percent mechanical keyboard that comes in a bunch of great colors. And it’s on sale for Black Friday this week.","This killer translucent keyboard kit is on sale for $95
This killer translucent keyboard kit is on sale for $95
 / The Omnitype Bauer Lite is a 65 percent barebones mechanical keyboard that comes i… [+1835 chars]",The Verge,2024-11-26 18:00:00,https://www.theverge.com/2024/11/26/24303647/black-friday-mechanical-keyboard-deal-omnitype-bauer-lite-sale,https://cdn.vox-cdn.com/thumbor/OWnaL7_hLGOxjz6UqyB8922y2Qw=/0x0:2709x1800/1200x628/filters:focal(1355x900:1356x901)/cdn.vox-cdn.com/uploads/chorus_asset/file/25729630/247382_Apple_iMac_M4_NEdwards_0030.jpg,Technology
26,"Black Friday IS ON: See the best deals from Amazon, Walmart, Target, Kohl''s, Macy''s & more - WRAL News","The Black Friday sales at top retailers are LIVE NOW on Friday, Nov. 29 including excellent deals from Amazon, Walmart, Target, Kohl''s, JCPenney, Macy''s & more! Check out our list of top deals!","* This post contains affiliate links and we may earn a commission if you use them.
The Black Friday sales from top retailers are LIVE NOW on Friday, November 29 including Amazon, Walmart, Target, Ko… [+20297 chars]",WRAL.com,2024-11-29 19:59:53,https://www.wral.com/story/black-friday-is-on-see-the-best-deals-from-amazon-walmart-target-kohls-macys-more/21738730/,https://images.wral.com/asset/5oys/smartshopper/2022/11/05/20558279/wicked-monday-jxhM5Ni46zw-unsplash-DMID1-654py14bj-640x480.jpg,Business
17,BioWare veteran’s studio shuts down before releasing a game - The Verge,"BioWare veteran Casey Hudson has announced that Humanoid Origin, the studio he founded in 2021, has shut down.","BioWare veterans studio shuts down before releasing a game
BioWare veterans studio shuts down before releasing a game
 / Humanoid Origin was founded by Casey Hudson in 2021 and was working on a cha… [+1755 chars]",The Verge,2024-11-26 17:05:52,https://www.theverge.com/2024/11/26/24306508/bioware-casey-hudson-humanoid-origin-shut-down,https://cdn.vox-cdn.com/thumbor/0d9-ajdCygfAo7L9FOUYgM6kdJE=/0x0:2560x1048/1200x628/filters:focal(1280x524:1281x525)/cdn.vox-cdn.com/uploads/chorus_asset/file/25759111/Art_3.jpg,E-Sports
19,Sony’s Pursuit of Anime Publisher Holds More Opportunity Than Risk - Bloomberg,Sony Group Corp. is flirting with one of the biggest takeovers in the history of Japan’s storied entertainment sector. But first...,"Sony Group Corp. is flirting with one of the biggest takeovers in the history of Japans storied entertainment sector. But first...
Three things you need to know today:",Bloomberg,2024-11-26 15:49:00,https://www.bloomberg.com/news/newsletters/2024-11-26/sony-s-pursuit-of-kadokawa-anime-looks-like-a-great-takeover-idea,https://assets.bwbx.io/images/users/iqjWHBFdfxIU/iDGdEzwDW4iQ/v1/1200x801.jpg,Entertainment
15,College basketball rankings: Penny Hardaway guides Memphis into Top 25 And 1 after upsetting UConn in Maui - CBS Sports,The Tigers are undefeated after what Hardaway called the biggest victory of his coaching career,"Penny Hardaway gathered his players early Monday before they took the court against the back-to-back champs in the opening game of the Maui Invitational, and in a plain white T-shirt and blue Memphis… [+4486 chars]",CBS Sports,2024-11-26 17:34:00,https://www.cbssports.com/college-basketball/news/college-basketball-rankings-penny-hardaway-guides-memphis-into-top-25-and-1-after-upsetting-uconn-in-maui/,https://sportshub.cbsistatic.com/i/r/2024/11/26/85e9d377-4bfe-4d0a-a799-009a7af3c01c/thumbnail/1200x675/23fc98255106c4e1280d44e7b8508427/top25and1-memphis.jpg,Sports
86,James Webb Space Telescope smashes its own record to find the earliest galaxies that ever existed - Livescience.com,"The James Webb Space Telescope has spotted five galaxy candidates dating to just 200 million years after the Big Bang, making them the earliest ever detected. And there could be many more.","The James Webb Space Telescope
 (JWST) has discovered a handful of possible galaxies that could be among the earliest to ever exist.
Located 13.6 billion light-years away and just 200 million years… [+3940 chars]",Live Science,2024-12-03 17:46:27,https://www.livescience.com/space/cosmology/james-webb-space-telescope-smashes-its-own-record-to-find-the-earliest-galaxies-that-ever-existed,https://cdn.mos.cms.futurecdn.net/34wcZeVfJYcNzX2AQXKdXZ-1200-80.jpg,Science
100,Mike Tomlin on George Pickens: I'm not giving you details about what goes on behind the scenes - NBC Sports,"Following Sunday’s win over the Bengals, Steelers head coach Mike Tomlin said George Pickens has “just got to grow up, man,” after the third-year receiver committed a pair of personal fouls.","Following Sundays win over the Bengals, Steelers head coach Mike Tomlin said George Pickens has just got to grow up, man, after the third-year receiver committed a pair of personal fouls.
Pickens wa… [+1326 chars]",NBCSports.com,2024-12-03 19:14:34,https://www.nbcsports.com/nfl/profootballtalk/rumor-mill/news/mike-tomlin-on-george-pickens-im-not-giving-you-details-about-what-goes-on-behind-the-scenes,https://nbcsports.brightspotcdn.com/dims4/default/624e51a/2147483647/strip/true/crop/5504x3096+0+0/resize/1440x810!/quality/90/?url=https%3A%2F%2Fnbc-sports-production-nbc-sports.s3.us-east-1.amazonaws.com%2Fbrightspot%2Fea%2F78%2Fc5774b9b49d1985da053e27db1d9%2Fhttps-api-imagn.com%2Frest%2Fdownload%2FimageID%3D24886934,E-Sports
74,NBC Washington anchor Leon Harris stepping away to focus on health - The Washington Post,The longtime anchor struggled through a news broadcast on Thanksgiving.,"After struggling through an evening news broadcast last week, NBC4 newscaster Leon Harris will be stepping away from the anchor desk to focus on health issues, the Washington D.C.station said in a st… [+1738 chars]",The Washington Post,2024-12-03 06:03:45,https://www.washingtonpost.com/style/media/2024/12/02/leon-harris-nbc-washington/,https://www.washingtonpost.com/wp-apps/imrs.php?src=https://arc-anglerfish-washpost-prod-washpost.s3.amazonaws.com/public/A54T7D4FDFRJJAJBCSFPLYBAKA.jpg&w=1440,Politics
87,CDC issues major update about McDonald’s E. coli outbreak - New York Post ,"The bacteria strain linked to the outbreak killed one and infected 104 people across 14 states, according to the CDC.","A lethal E. coli outbreak linked to slivered onions served on McDonalds Quarter Pounder burgers has ended, the Centers for Disease Control and Prevention said on Tuesday.
The bacteria strain linked … [+3872 chars]",New York Post,2024-12-03 17:59:00,https://nypost.com/2024/12/03/business/cdc-issues-major-update-about-mcdonalds-e-coli-outbreak/,https://nypost.com/wp-content/uploads/sites/2/2024/12/2024-flatbush-neighborhood-brooklyn-borough-94680165.jpg?quality=75&strip=all&w=1024,E-Sports
42,Your Chaotic Sleep Schedule Might Be Hurting Your Heart - Gizmodo,New research suggests that sleeping and waking up at the same time each night is important to maintaining your cardiovascular health.,"When it comes to getting a healthy night’s sleep, it’s not just the hours that matter. New research released this week suggests that having a chaotic, inconsistent sleep pattern can raise your risk o… [+3872 chars]",Gizmodo.com,2024-12-01 12:55:10,https://gizmodo.com/your-chaotic-sleep-schedule-might-be-hurting-your-heart-2000530897,https://gizmodo.com/app/uploads/2024/11/alarm-clock.jpg,Lifestyle
53,T Walker Little agrees to three-year extension with Jaguars - NBC Sports,The Jaguars took care of a little business ahead of Sunday's game against the Texans.,"The Jaguars took care of a little business ahead of Sundays game against the Texans. 
According to multiple reports, the team has agreed on a three-year contract extension with left tackle Walker Li… [+462 chars]",NBCSports.com,2024-12-01 14:48:38,https://www.nbcsports.com/nfl/profootballtalk/rumor-mill/news/t-walker-little-agrees-to-three-year-extension-with-jaguars,https://nbcsports.brightspotcdn.com/dims4/default/2eae801/2147483647/strip/true/crop/3500x1969+0+0/resize/1440x810!/quality/90/?url=https%3A%2F%2Fnbc-sports-production-nbc-sports.s3.us-east-1.amazonaws.com%2Fbrightspot%2F50%2F8b%2F965c470e4d0fb8b267091b5e2986%2Fhttps-delivery-gettyimages.com%2Fdownloads%2F2184233585,Business
67,Olympian Ilona Maher Makes Major Career Change After 'DWTS' - Yahoo Entertainment,The social media darling’s big move was applauded by fans and famous friends alike.,"Its only been a few days since she took home second place on Dancing With the Stars, and a few months since she brought home a bronze medal from the Paris Olympic games for rugby, but Ilona Maher is … [+2010 chars]",Parade,2024-12-03 02:21:00,https://parade.com/news/olympian-ilona-maher-makes-major-career-change-after-dwts-video-bristol-bears-england,https://media.zenfs.com/en/parade_250/fe9f1cadf989275660c6e683ecda3927,E-Sports
75,PlayStation Portal 30th Anniversary Edition Restocked On Cyber Monday - GameSpot,A chance to grab one of the few 30th Anniversary PlayStation devices still available online.,"The 30th Anniversary PlayStation consoles and accessories were restocked at various retailers today for Cyber Monday. While most of these restocks sold out immediately, the 30th Anniversary PlayStati… [+2132 chars]",GameSpot,2024-12-03 00:00:19,https://www.gamespot.com/articles/playstation-portal-30th-anniversary-edition-restocked-on-cyber-monday/1100-6528185/,https://www.gamespot.com/a/uploads/screen_kubrick/1701/17013431/4408445-psportal.jpg,Technology
82,I'm a pro astronomer — here are my favorite telescope deals - Space.com,"I''ve tried and tested many telescopes over the years to ensure you''re choosing the right kit for you. These five steals offer superb views of planets, galaxies, nebulas and stars.","Spending over 25 years observing the night sky, I have come to appreciate what makes a great telescope — from the build quality and accessories on offer, to the optical performance and portability.
… [+1694 chars]",Space.com,2024-12-02 20:30:34,https://www.space.com/stargazing/astronomy-kit/im-a-pro-astronomer-and-have-been-skywatching-for-over-25-years-these-are-the-best-black-friday-telescope-deals-ive-seen-so-far,https://cdn.mos.cms.futurecdn.net/5oY5GZK7PyZumvhydSivoe-1200-80.jpg,Science
113,"Police recover a stolen van with 2,500 pies after a chef''s appeal, but they are too damaged to eat - The Associated Press","A British chef’s appeal for thieves to return 2,500 pies that were in a stolen van has ended in disappointment. Tommy Banks had urged the thieves who stole his van not to waste the cargo of steak and ale, turkey and butternut squash pies. Banks implored the t…","LONDON (AP) A British chefs appeal for thieves to return 2,500 pies that were in a stolen van ended in disappointment Tuesday when police found the vehicle abandoned, with its savory cargo too damage… [+1501 chars]",Associated Press,2024-12-03 17:21:00,https://apnews.com/article/uk-chef-pies-stolen-christmas-appeal-009d0db2c524ac4fc7b3df45c5fac79a,https://dims.apnews.com/dims4/default/1cec608/2147483647/strip/true/crop/4480x2520+0+980/resize/1440x810!/quality/90/?url=https%3A%2F%2Fassets.apnews.com%2F4e%2F51%2F3fd694f183f3955cb7841b2eacce%2Fa67f27e020db4072a9eca19334dab201,Business
21,"Best Black Friday gaming PC deals 2024: Live sales on prebuilt PCs, GPUs, monitors, and more - ZDNet","Black Friday PC deals are live! Whether you''re looking for a prebuilt PC or want to build your own customized rig, holiday discounts from top gaming brands like Alienware and HP are out now.","Black Friday is just hours away, which means it''s the perfect time to save big on gaming PCs, laptops, and accessories. Retailers like Amazon, Best Buy, and Walmart are running Black Friday discounts… [+12431 chars]",ZDNet,2024-11-29 03:19:00,https://www.zdnet.com/article/best-black-friday-gaming-pc-deals-11-28-2024/,https://www.zdnet.com/a/img/resize/b5e0c25bf012a55d9504414e11d17508ab43d576/2024/02/12/6bfcbb43-9c8a-47b8-82ab-80e6c03cd6c5/img-7450.jpg?auto=webp&fit=crop&height=675&width=1200,Business
45,Taylor Swift spends Black Friday amid sea of red as boyfriend Travis Kelce's Chiefs face the Raiders - The Associated Press,"Pop superstar Taylor Swift is spending Black Friday amid a sea of red to watch her boyfriend, Travis Kelce, and the rest of the Kansas City Chiefs as they play the Las Vegas Raiders in a chilly matinee at Arrowhead Stadium. Swift has the Thanksgiving weekend …","KANSAS CITY, Mo. (AP) Pop superstar Taylor Swift was spending Black Friday amid a sea of red to watch her boyfriend, Travis Kelce, and the rest of the Kansas City Chiefs as they played the Las Vegas … [+1919 chars]",Associated Press,2024-11-29 19:27:00,https://apnews.com/article/kansas-city-chiefs-taylor-swift-fddec325d579f90e83cb80a218bb1452,https://dims.apnews.com/dims4/default/6e1a15f/2147483647/strip/true/crop/2041x1148+0+702/resize/1440x810!/quality/90/?url=https%3A%2F%2Fassets.apnews.com%2Fed%2F6f%2Fa9e2ef745a9607c4037c4fb85e01%2F9e853aa982ed49b892dd7c50d4169293,E-Sports
24,20 Nintendo Switch Games You Can Get for $30 or Less Right Now (Including Tears of the Kingdom) - IGN,Gamers can grab some of Nintendo's top-selling games for less than $30 this Black Friday season.,"This years lineup of game discounts is one of the best I''ve seen, featuring major price cuts to popular Switch titles that typically cost upwards of $50 at any other time of the year (looking at you,… [+3133 chars]",IGN,2024-11-28 21:37:04,https://www.ign.com/articles/best-nintendo-switch-games-under-30-black-friday-2024,https://assets-prd.ignimgs.com/2024/11/28/blackfriday2024-nintendogames-top20-1732756498046.jpg?width=1280,E-Sports
22,"Samsung Is in Chaos Mode, The Galaxy Z Fold6 Is Now 80% Off on Its Official Website - Gizmodo",This deal on the Galaxy Z Fold 6 is available nowhere else but on Samsung's website.,"In the world of foldable smartphones, Samsung has long been the leader on the market. While some brands have ventured into this territory (Google, Oppo), none have matched Samsung’s commitment to exc… [+3303 chars]",Gizmodo.com,2024-11-29 00:30:37,https://gizmodo.com/samsung-is-in-chaos-mode-the-galaxy-z-fold6-is-now-80-off-on-its-official-website-2000531262,https://gizmodo.com/app/uploads/2024/09/galaxy-zfold6.jpg,Technology
23,Galaxy S25 and S25+ getting big Wi-Fi upgrade - SamMobile - Samsung news,"The Galaxy S25, Galaxy S25+, and Galaxy S25 Ultra recently passed through the Federal Communications Commission (FCC) in the US, ...","The Galaxy S25, Galaxy S25+, and Galaxy S25 Ultra recently passed through the Federal Communications Commission (FCC) in the US, revealing the features they will offer on the connectivity front. Nota… [+1030 chars]",SamMobile,2024-11-28 23:30:00,https://www.sammobile.com/news/galaxy-s25-wi-fi-7-support-all-models/,https://www.sammobile.com/wp-content/uploads/2024/02/Galaxy-S24-review-SamMobile-720x404.jpg,Technology
88,Tiny asteroid detected hours before hitting Earth to become 4th 'imminent impactor' of 2024 - Space.com,The asteroid should create a harmless fireball over Siberia.,"A tiny asteroid was detected on a collision course with Earth today (Dec. 3) and is expected to burn up in Earth''s atmosphere.
The asteroid measures around 27 inches (70 centimeters) wide and was de… [+2545 chars]",Space.com,2024-12-03 16:40:26,https://www.space.com/the-universe/asteroids/tiny-asteroid-detected-hours-before-hitting-earth-to-become-4th-imminent-impactor-of-2024,https://cdn.mos.cms.futurecdn.net/YtZqGNFw4oAskbXmBL36Nh-1200-80.jpg,Science
114,Here we go: The Verge now has a subscription - The Verge,"A lot of our site will remain free, but you can now pay to get fewer ads and unlimited access to all of our work.","Here we go: The Verge now has a subscription
Here we go: The Verge now has a subscription
 / A lot of our site will remain free, but you can now pay to get fewer ads and unlimited access to all of … [+6091 chars]",The Verge,2024-12-03 16:30:04,https://www.theverge.com/2024/12/3/24306571/verge-subscription-launch-fewer-ads-unlimited-access-full-text-rss,https://cdn.vox-cdn.com/thumbor/ZXQrODJ47xlT-pd0EZ62K4KDl1I=/0x0:2040x1360/1200x628/filters:focal(1020x680:1021x681)/cdn.vox-cdn.com/uploads/chorus_asset/file/25768436/VERGE_PREMIUM_CHORUS_LEDE_2040x1360_1.jpg,Lifestyle
2,"Drake Files Second Action Against UMG, Alleging Defamation Over Kendrick Lamar’s ‘False’ Song - Billboard","Drake has launched a second legal action against Universal Music Group over Kendrick Lamar’s “Not Like Us,” accusing the music giant of defamation.","Drake has launched a second bombshell legal action against Universal Music Group over Kendrick Lamar’s “Not Like Us,” accusing the music giant of defamation and claiming it could have halted the rele… [+3598 chars]",Billboard,2024-11-26 17:08:02,http://www.billboard.com/pro/drake-second-legal-action-umg-iheart-pay-for-play-defamation/,https://www.billboard.com/wp-content/uploads/2024/11/drake-2022-atlanta-live-a-billboard-pro-1260_be72dc.jpg?w=1024,Entertainment
34,"Michael Fassbender’s New Spy Show Is Smart, Fast, and Star-Studded. Unfortunately, I’ve Seen the Better Version. - Slate","There’s a nearly fatal flaw in The Agency, the American remake of Le Bureau des Légendes.","The Agency, Im sad to say, is missing that je ne sais quoi of Le Bureau des Légendes.
If only Id encountered Showtimes new spy thrillerhaving never seen its source material, the mid-2010s French dra… [+5462 chars]",Slate Magazine,2024-11-29 17:00:00,https://slate.com/culture/2024/11/the-agency-tv-show-paramount-showtime-le-bureau-des-legendes-michael-fassbender.html,https://compote.slate.com/images/7f89db3f-e81c-438a-8945-d9487ae7547d.jpeg?crop=1560%2C1040%2Cx0%2Cy0&width=1560,Technology
5,"Jim Abrahams, ‘Airplane!,’ ‘Naked Gun’ and ‘Hot Shots!’ Master of Mirth, Dies at 80 - Hollywood Reporter","He and boyhood friends Jerry and David Zucker got their start with ''The Kentucky Fried Movie,'' and they also were behind ''Top Secret!'' and ''Ruthless People.''","Jim Abrahams, the writer-director who with brothers Jerry and David Zucker turned the comedy genre on its ear with such zany efforts as Airplane!, Police Squad! and The Naked Gun films, died Tuesday.… [+9687 chars]",Hollywood Reporter,2024-11-26 16:25:07,http://www.hollywoodreporter.com/movies/movie-news/jim-abrahams-dead-airplane-naked-gun-hot-shots-1236071689/,https://www.hollywoodreporter.com/wp-content/uploads/2024/11/Jim-Abrahams-Obit-Template-Headsshot-Getty-H-2024.jpg?w=1296&h=730&crop=1,Entertainment
7,Super Bowl Pregame Performers Announced For 2025 Contest In New Orleans - Deadline,"Jon Batiste, Trombone Shorty, Lauren Daigle and Ledisi will provide pregame entertainment at the 2025 Super Bowl.","The NFL today continued to build out its offering around Super Bowl LIX, announcing that Jon Batiste, Trombone Shorty, Lauren Daigle and Ledisi will provide pregame entertainment.
The game will take… [+1234 chars]",Deadline,2024-11-28 23:33:00,http://deadline.com/2024/11/super-bowl-pregame-performers-2025-1236189697/,https://deadline.com/wp-content/uploads/2022/04/JON-BATISTE.jpg?w=1000,Sports
13,Ancient Lava Tubes Reveal Hidden Clues to Life Beyond Earth - SciTechDaily,"Lava tubes on Earth have been studied for signs of ancient microbial life, providing a model for searching for life in similar structures on Mars. A comprehensive study of lava tubes—caves formed by cooling lava after volcanic eruptions—has shed light on how …","Massive accumulations of gypsum and other sulfates in the La Corona lava tube system in Lanzarote, Spain. Credit: Bogdan Onac
Lava tubes on Earth have been studied for signs of ancient microbial lif… [+3600 chars]",SciTechDaily,2024-11-26 14:03:04,https://scitechdaily.com/ancient-lava-tubes-reveal-hidden-clues-to-life-beyond-earth/,https://scitechdaily.com/images/Accumulations-of-Gypsum-in-La-Corona-Lava-Tube-System-scaled.jpg,Environment
18,Season 17 Brings Online Free Play as Rocket League Heads to the Arcades - Rocket League,Neon street signs and arcade cabinets await as Online Free Play debuts in Rocket League Season 17!,"High-score chasing and racing await as we press play on Rocket League Season 17. Prepare to level up your Soccar skills as this neo-arcade-inspired season kicks off on December 4!  In Season 17, try … [+4158 chars]",Rocketleague.com,2024-11-26 16:56:07,https://www.rocketleague.com/en/news/season-17-brings-online-free-play-as-rocket-league-heads-to-the-arcades,"https://media.graphassets.com/resize=fit:clip,height:1080,width:1920/output=format:webp/HvfW5onQVmz3WDLFMCBT",E-Sports
0,"FBI Warns Chrome, Safari And Edge Users—Do Not Buy From These Websites - Forbes",FBI warns Black Friday shoppers as threats surge 89%—here’s what you need to do.,"FBI issues new Black Friday warning for millions of shoppers
Anadolu Agency via Getty Images
With Black Friday now here, it is clear that the dangers facing online shoppers are greater than ever. T… [+4957 chars]",Forbes,2024-11-29 00:13:16,https://www.forbes.com/sites/zakdoffman/2024/11/28/fbi-warns-chrome-safari-and-edge-users-do-not-buy-from-these-sellers/,"https://imageio.forbes.com/specials-images/imageserve/67490514b971cd85f648616c/0x0.jpg?format=jpg&crop=794,540,x247,y91,safe&height=900&width=1600&fit=bounds",Business
115,Scientists reveal 'neural tourniquet' that can stop bleeding with nerve stimulation - Livescience.com,"Researchers stimulated the vagus nerve in healthy volunteers and showed it triggered blood clot formation, which they say could be used to prevent blood loss after surgery.","Zapping the vagus nerve promotes blood clotting, new research suggests.
These findings are the first evidence in humans of a '"neural tourniquet
,'" or a brain-based pathway that could reduce bleedin… [+5012 chars]",Live Science,2024-12-03 15:30:00,https://www.livescience.com/health/surgery/scientists-reveal-neural-tourniquet-that-can-stop-bleeding-with-nerve-stimulation,https://cdn.mos.cms.futurecdn.net/uE6crdke5UePWVVgobeeL-1200-80.jpg,Science
12,NASA Uncovers “Nuclear City” Under Ice! Was Part Of U.S. Military’s Top-Secret ‘Project Iceworm’ In Greenland - EurAsian Times,"In an accidental yet stunning discovery, NASA got a fresh and unexpected view of a Cold War tunnel built under the ice sheets of Greenland as part of the US military’s top-secret ‘Project Iceworm’ to store nuclear weapons.  A team of NASA scientists surveying…","In an accidental yet stunning discovery, NASA got a fresh and unexpected view of a Cold War tunnel built under the ice sheets of Greenland as part of the US military’s top-secret ‘Project Iceworm’ to… [+9024 chars]",Eurasiantimes.com,2024-11-26 14:26:42,https://www.eurasiantimes.com/nasa-uncovers-nuclear-city-under-ice-was/,https://www.eurasiantimes.com/wp-content/uploads/2024/11/WhatsApp-Image-2024-11-26-at-2.07.44-AM.jpeg,Environment
14,Fossil Teeth From an 11-Year-Old Reveal Surprising Secrets About Human Childhood - The Daily Galaxy --Great Discoveries Channel,The discovery of fossil teeth belonging to a species that lived 1.8 million years ago has provided new insights into the reasons behind the unusually long childhoods of humans and offered clues to our evolutionary past.,"A set of fossilised teeth from a young hominid, dated to approximately 1.77 million years ago, has sparked significant interest among scientists. Found at the Dmanisi site in Georgia, these teeth pro… [+3489 chars]",The Daily Galaxy --Great Discoveries Channel,2024-11-26 14:00:00,https://dailygalaxy.com/2024/11/fossil-teeth-from-an-11-year-old-reveal-surprising-secrets-about-human-childhood/,https://bunny-wp-pullzone-eduayjtzy5.b-cdn.net/wp-content/uploads/2024/11/A-3D-reconstruction-of-the-fossil-skull-of-a-youth-of-an-early-Homo-species-from-Dmanisi-Georgia.jpg,Science
41,Has Human Evolution Stopped? The Surprising Truth Behind Our Technological Progress - The Daily Galaxy --Great Discoveries Channel,"Has human evolution come to a standstill? Advances in technology and medicine have radically changed the way we live, but could they be changing the course of our genetic future? The surprising truth behind how modern progress may be changing our biology — an…","Human evolution, traditionally driven by natural selection, may have reached a point where technological and medical advancements are interfering with the age-old processes that shaped our species. T… [+4559 chars]",The Daily Galaxy --Great Discoveries Channel,2024-11-29 13:30:00,https://dailygalaxy.com/2024/11/has-human-evolution-stopped-the-surprising-truth/,https://bunny-wp-pullzone-eduayjtzy5.b-cdn.net/wp-content/uploads/2024/11/A-photo-of-a-series-of-men-representing-the-human-evolution.jpg,Technology
90,Shailene Woodley: Aaron Rodgers relationship was a ‘toxic situation’ - New York Post ,Actress Shailene Woodley said she’s been quiet about her past relationship with ex-fiancé Aaron Rodgers because it makes her cry.,"Actress Shailene Woodley said she’s been quiet about her past relationship with ex-fiancé Aaron Rodgers because it makes her cry. 
In an interview with Outside magazine, the “Divergent” star was can… [+2450 chars]",New York Post,2024-12-03 18:49:00,https://nypost.com/2024/12/03/sports/shailene-woodley-aaron-rodgers-relationship-was-a-toxic-situation/,https://nypost.com/wp-content/uploads/sites/2/2024/12/newspress-collage-4a34zzydu-1733250450914.jpg?quality=75&strip=all&1733232484&w=1024,Lifestyle
116,Houston Texans linebacker Azeez Al-Shaair suspended three games for ‘unacceptable’ late hit on Jags QB Trevor Lawrence - CNN,Houston Texans linebacker Azeez Al-Shaair was handed a three-game suspension without pay by the NFL on Tuesday for a late hit on Jacksonville Jaguars quarterback Trevor Lawrence during Sunday’s game.,"Houston Texans linebacker Azeez Al-Shaair was handed a three-game suspension without pay by the NFL on Tuesday for a late hit on Jacksonville Jaguars quarterback Trevor Lawrence during Sundays game.… [+5566 chars]",CNN,2024-12-03 18:56:00,https://www.cnn.com/2024/12/02/sport/azeez-al-shaair-suspended-houston-texans-spt/index.html,"https://media.cnn.com/api/v1/images/stellar/prod/gettyimages-2187236891.jpg?c=16x9&q=w_800,c_fill",E-Sports
35,Family History of Mental Illness Increases Aggression Risk in CTE - Neuroscience News,"A new study reveals that individuals with chronic traumatic encephalopathy (CTE) and a family history of mental illness have a heightened risk of aggression during adulthood, particularly between ages 40 and 59.","Summary: A new study reveals that individuals with chronic traumatic encephalopathy (CTE) and a family history of mental illness have a heightened risk of aggression during adulthood, particularly be… [+4929 chars]",Neurosciencenews.com,2024-11-29 19:31:46,https://neurosciencenews.com/cte-aggression-mental-health-28155/,https://neurosciencenews.com/files/2024/11/cte-aggression-mental-health-neuroscience.jpg,Health
91,Dan Campbell: Lions see the schedule as we’re in playoff football right now - NBC Sports,"The 11-1 Lions are the best team in the NFL right now, but their schedule doesn''t make things easy: They play the 9-3 Packers on Thursday, the 10-2 Bills next week, and finish the season against the 10-2 Vikings.","The 11-1 Lions are the best team in the NFL right now, but their schedule doesnt make things easy: They play the 9-3 Packers on Thursday, the 10-2 Bills next week, and finish the season against the 1… [+1125 chars]",NBCSports.com,2024-12-03 19:54:17,https://www.nbcsports.com/nfl/profootballtalk/rumor-mill/news/dan-campbell-lions-see-the-schedule-as-were-in-playoff-football-right-now,https://nbcsports.brightspotcdn.com/dims4/default/304a6f1/2147483647/strip/true/crop/5146x2895+0+268/resize/1440x810!/quality/90/?url=https%3A%2F%2Fnbc-sports-production-nbc-sports.s3.us-east-1.amazonaws.com%2Fbrightspot%2Fd7%2F32%2Ff83e24a04d24a7ff9638a816cd64%2Fhttps-delivery-gettyimages.com%2Fdownloads%2F2186038561,E-Sports
30,"Actor Julien Arnold dies during performance of '"A Christmas Carol'" in Canada - CBS News","Julien Arnold, 60, was playing the roles of Marley and Mr. Fezziwig in '"A Christmas Carol'" when he experienced a medical emergency.","Canadian actor Julien Arnold died in the middle of a performance of '"A Christmas Carol'" after experiencing a medical emergency. 
It''s not clear what caused Arnold''s death, but paramedics arrived at … [+1648 chars]",CBS News,2024-11-29 18:21:00,https://www.cbsnews.com/news/actor-julien-arnold-dies-christmas-carol-performance-canada/,https://assets1.cbsnewsstatic.com/hub/i/r/2024/11/29/490b4a19-2de8-4794-a0e7-9422c349573a/thumbnail/1200x630/e5cde37d81a344b23e77f0d871eecb28/gettyimages-516362301.jpg?v=e3aa8b4a58817620ee227c79202c9709,Lifestyle
32,K-Pop group NewJeans split from agency in mistreatment row - BBC.com,The split is the latest in a year-long controversy that has involved a workplace harassment hearing.,"Chart-topping K-pop group NewJeans have said they are leaving their agency after accusing it of '"mistreatment'" and '"manipulation'".
The five-member girl band announced their departure from Ador, a su… [+4771 chars]",BBC News,2024-11-29 17:45:01,https://www.bbc.com/news/articles/cwy94jrrzm2o,https://ichef.bbci.co.uk/news/1024/branded_news/7043/live/320ebd10-ad8f-11ef-8ab9-9192db313061.jpg,Politics
33,How ‘Wicked’ Could Shock Everyone and Win Best Picture - Hollywood Reporter,Too popular? Think again. Here's the recipe that could get Universal's cultural juggernaut the big Oscar entree.,"When The Lord of the Rings: The Return of the King dominated the 2004 Academy Awards, winning all 11 of its categories including best picture, it made history. Yes, it was the biggest Oscars sweep ev… [+5593 chars]",Hollywood Reporter,2024-11-29 17:35:06,http://www.hollywoodreporter.com/movies/movie-features/wicked-win-best-picture-oscars-shock-1236073471/,https://www.hollywoodreporter.com/wp-content/uploads/2024/11/2024-34Arep_race-wicked-01-web.jpg?w=1440&h=810&crop=1,Entertainment
28,SunFed cucumbers and Costco eggs recalled due to potential salmonella contamination - ABC News,Cucumbers shipped to 13 U.S. states and five Canadian provinces and organic eggs sold in 25 Costco stores in five southern U.S. states have been recalled because of potential salmonella contamination,"Cucumbers shipped to 13 U.S. states and five Canadian provinces and organic eggs sold in 25 Costco stores in five southern U.S. states were recalled this week for potential salmonella contamination.… [+2020 chars]",ABC News,2024-11-29 18:33:45,https://abcnews.go.com/Health/wireStory/sunfed-recalls-cucumbers-us-canada-due-potential-salmonella-116323297,https://i.abcnewsfe.com/a/5861cd03-9fc6-4d47-97c8-d56cd726adb3/wirestory_fd58db35645ce8302d2211035b67dc90_16x9.jpg?w=1600,Business
117,‘Bel-Air’ Renewed For Fourth & Final Season By Peacock - Deadline,"Bel-Air, which helped put Peacock on the original series map, is coming to an end. The drama has been picked up for a fourth and final season.","EXCLUSIVE: Bel-Air, which helped put Peacock on the original series map, will be coming to an end. The modern-day drama reimagining of the popular ‘90s sitcom The Fresh Prince of Bel-Air has been pic… [+2101 chars]",Deadline,2024-12-03 16:49:00,http://deadline.com/2024/12/bel-air-renewed-final-season-4-peacock-1236192549/,https://deadline.com/wp-content/uploads/2024/12/BelAir.jpg?w=1024,Entertainment
29,"The very best Walmart Black Friday deals 2024: AirPods, PS5, more on sale - New York Post ","Walmart shoppers, start your engines…Black Friday is here!","New York Post may be compensated and/or receive an affiliate commission if you buy through our links. Featured pricing is subject to change.
The “official” Black Friday may still be a few days away,… [+58519 chars]",New York Post,2024-11-29 18:18:00,https://nypost.com/shopping/best-walmart-black-friday-deals-sales-2024-11-29/,https://nypost.com/wp-content/uploads/sites/2/2024/11/newwalfeat.jpg?quality=75&strip=all&w=1024,Business
20,"DeMarvion Overshown, Rico Dowdle carry the Cowboys to 27-20 win over Giants - NBC Sports","Overshown had a pick-six, and Dowdle rushed for 112 yards and a touchdown.","The Cowboys had not had a running back with a 100-yard game since Tony Pollard ran for 122 yards against the Cardinals on Sept. 24, 2023. Rico Dowdle finally broke the franchise-record 25-game drough… [+1868 chars]",NBCSports.com,2024-11-29 01:23:18,https://www.nbcsports.com/nfl/profootballtalk/rumor-mill/news/demarvion-overshown-rico-dowdle-carry-the-cowboys-to-27-20-win-over-giants,https://nbcsports.brightspotcdn.com/dims4/default/8b0fca9/2147483647/strip/true/crop/3284x1847+0+0/resize/1440x810!/quality/90/?url=https%3A%2F%2Fnbc-sports-production-nbc-sports.s3.us-east-1.amazonaws.com%2Fbrightspot%2F8e%2F0f%2Fcbdeb0844389beb5aa65fe89ce0d%2Fhttps-delivery-gettyimages.com%2Fdownloads%2F2186703751,Sports
92,Donald Trump Jr. is set to join the board of a ‘woke-free’ marketplace. Its stock is surging - CNN,The owner of “woke-free” online marketplace PublicSquare exploded in value on Tuesday on news that Donald Trump Jr. is joining the tiny company’s board of directors.,"The owner of woke-free online marketplace PublicSquare exploded in value on Tuesday on news that Donald Trump Jr. is joining the tiny companys board of directors.
Michael Seifert, the founder and CE… [+3536 chars]",CNN,2024-12-03 17:52:00,https://www.cnn.com/2024/12/03/investing/trump-jr-stock-publicsquare-woke-free/index.html,"https://media.cnn.com/api/v1/images/stellar/prod/gettyimages-2182984345.jpg?c=16x9&q=w_800,c_fill",Business
43,Giant Animal Life in the Oceanic Crust: An Unexpected Discovery - The Daily Galaxy --Great Discoveries Channel,"In the depths of the ocean, a groundbreaking discovery has stunned the scientific community. Massive creatures, previously unknown, have been found thriving in the Earth''s crust beneath the sea floor. This unexpected revelation challenges our understanding of…","At depths exceeding 2,500 meters, researchers aboard the research vessel Falkor have uncovered a bustling ecosystem teeming with life. The Schmidt Ocean Institute’s team utilized advanced submersible… [+4185 chars]",The Daily Galaxy --Great Discoveries Channel,2024-11-29 12:30:00,https://dailygalaxy.com/2024/11/giant-deep-sea-creatures-found-earths-crust-unexpected-discovery-shocks-scientists/,https://bunny-wp-pullzone-eduayjtzy5.b-cdn.net/wp-content/uploads/2024/11/giant-deep-sea-creatures-found-earths-crust-unexpected-discovery-shocks-scientists.jpg,Environment
68,"The best Cyber Monday 2024 deals to shop while you still can from Amazon, Apple, Macy''s, Walmart, Target, Wayfair and more - Yahoo Life","Know your ABCs: Deals on Apple, Bissell, Cuisinart and beyond can be yours — right now!","We have a question for you: When is Monday better than Friday? Never, that''s when! Okay, well maybe that''s not totally true. Take, for instance, Cyber Monday, which has somehow managed to see the sav… [+30598 chars]",Yahoo Entertainment,2024-12-03 01:30:35,https://www.yahoo.com/lifestyle/live/the-best-cyber-monday-2024-deals-to-shop-while-you-still-can-from-amazon-apple-macys-walmart-target-wayfair-and-more-002616614.html,https://s.yimg.com/os/creatr-uploaded-images/2024-11/44ea5280-af26-11ef-b9f9-f398e2c70c64,Entertainment
76,Broken water pipe knocks out data processing for NASA sun-studying spacecraft - Space.com,"'"The damage is extensive and [repairs] will not be completed until 2025.'"","Scientists won''t be able to process much of the data gathered by NASA''s Solar Dynamics Observatory (SDO) and IRIS spacecraft for a while, thanks to a burst water pipe.
That pipe — a 4-inch-wide (10 … [+2103 chars]",Space.com,2024-12-02 22:00:00,https://www.space.com/the-universe/sun/broken-water-pipe-knocks-out-data-processing-for-nasa-sun-studying-spacecraft,https://cdn.mos.cms.futurecdn.net/BBPQMNqQqQcRg4QWYngcbe-1200-80.jpg,Science
46,Alabama A&M LB Burnett dies from head injury - ESPN,"Medrick Burnett Jr., 20, a linebacker for the Alabama A&M Bulldogs, has died from an in-game head injury he suffered in October.","Nov 29, 2024, 01:48 PM ET
BIRMINGHAM, Ala. -- An Alabama A&amp;M football player who suffered a head injury during a game in October has died.
Medrick Burnett Jr., 20, was playing his first season … [+821 chars]",ESPN,2024-11-29 18:48:00,https://www.espn.com/espn/story/_/id/42680658/alabama-lb-medrick-burnett-jr-dies-head-injury,https://a4.espncdn.com/combiner/i?img=%2Fphoto%2F2020%2F0530%2Fr442613_2_1296x729_16%2D9.jpg,Sports
47,PFL World Championship 2024 live updates: Round-by-round results for all six $1 million finals - Yahoo Sports,Follow PFL World Championship 2024 with live results and round-by-round updates for Friday's six $1 million finals.,"Dakota Ditcheva and Taila Santos face off for $1 million at the 2024 PFL World Championships. (Matt Ferris / PFL)
Uncrowned has PFL World Championship 2024 results, live round-by-round updates, star… [+11714 chars]",Yahoo Entertainment,2024-11-29 18:25:15,https://sports.yahoo.com/live/pfl-world-championship-2024-live-updates-round-by-round-results-all-six-1-million-finals-black-friday-175333040.html,https://s.yimg.com/ny/api/res/1.2/V3b44zl92NyIJliC9c0seA--/YXBwaWQ9aGlnaGxhbmRlcjt3PTEyMDA7aD04MDA-/https://s.yimg.com/os/creatr-uploaded-images/2024-11/0ee49800-ae7a-11ef-b66c-58c571a30bf3,Sports
56,SunFed cucumbers and Costco eggs recalled due to potential salmonella contamination - ABC News,Cucumbers shipped to 13 U.S. states and five Canadian provinces and organic eggs sold in 25 Costco stores in five southern U.S. states have been recalled because of potential salmonella contamination,"Cucumbers shipped to 13 U.S. states and five Canadian provinces and organic eggs sold in 25 Costco stores in five southern U.S. states were recalled this week for potential salmonella contamination.… [+2020 chars]",ABC News,2024-11-29 18:33:45,https://abcnews.go.com/Health/wireStory/sunfed-recalls-cucumbers-us-canada-due-potential-salmonella-116323297,https://i.abcnewsfe.com/a/5861cd03-9fc6-4d47-97c8-d56cd726adb3/wirestory_fd58db35645ce8302d2211035b67dc90_16x9.jpg?w=1600,Business
93,Flood Wreaks Havoc on NASA Spacecraft - Futurism,A burst water pipe has wreaked havoc with data sent by NASA's Solar Dynamics Observatory and Interface Region Imaging Spectrograph spacecraft.,"Scientists are '"working to assess the extent of the damage, but it is severe.'"
Bad Flood
A burst water pipe has wreaked havoc on data sent by a pair of NASA spacecraft  the Solar Dynamics Observato… [+2034 chars]",Futurism,2024-12-03 15:06:03,https://futurism.com/the-byte/flood-nasa-spacecraft,https://wordpress-assets.futurism.com/2024/12/flood-nasa-spacecraft.jpg,Science
50,"Hyundai Ioniq 5 N review: fake shifting, real fun - The Verge",The Hyundai Ioniq 5 N is the latest electric vehicle to employ artifice — from fake shifting to simulated sounds — to dial up the performance experience.,"Even die-hard car enthusiasts have to smile at what Hyundais N Performance Division has done with the Ioniq 5. 
ByAbigail Bassett
Nov 29, 2024, 7:31 PM UTC
Spend any time around dyed-in-the-wool a… [+6246 chars]",The Verge,2024-11-29 19:31:40,https://www.theverge.com/2024/11/29/24308950/hyundai-ioniq-5-n-review-price-specs-photos,https://cdn.vox-cdn.com/thumbor/qvh8ImN_yzoMbYpw3MHX-_m0n8o=/0x0:1024x684/1200x628/filters:focal(495x469:496x470)/cdn.vox-cdn.com/uploads/chorus_asset/file/25764968/hyundai_uk_ioniq_5_n_performance_blue_01_wid_1024_bfc_off.jpg,Environment
10,New rule allows HIV-positive organ transplants - The Associated Press,"People with HIV who need a kidney or liver transplant will be able to receive an organ from a donor with HIV. That''s according to a new rule announced Tuesday by U.S. health officials. Previously, such transplants could be done only as part of research studie…","People with HIV who need a kidney or liver transplant will be able to receive an organ from a donor with HIV under a new rule announced Tuesday by U.S. health officials.
Previously, such transplants… [+1620 chars]",Associated Press,2024-11-26 14:38:00,https://apnews.com/article/kidney-liver-transplant-hiv-5392b80df9c54b3799605483ce00d2dd,https://dims.apnews.com/dims4/default/871ed59/2147483647/strip/true/crop/3500x1969+0+181/resize/1440x810!/quality/90/?url=https%3A%2F%2Fassets.apnews.com%2Fb4%2Faf%2F34eb610d4712cf02bd71ff43f376%2Fec04afa4e37e49feb4b0a3218379ea91,Technology
44,"This Is the Date When Life on Earth Will End, Long Before the Sun Explodes - The Daily Galaxy --Great Discoveries Channel","The Earth''s fate hangs in the balance as scientists unveil startling predictions about our planet''s future. While many believe the Sun''s eventual demise will mark the end of life on Earth, recent research suggests a far more imminent threat. Let''s explore the…","Our Sun, the celestial body that has nurtured life on Earth for billions of years, is not eternal. This massive ball of gas is slowly evolving, consuming its hydrogen fuel and gradually increasing in… [+4156 chars]",The Daily Galaxy --Great Discoveries Channel,2024-11-29 12:00:00,https://dailygalaxy.com/2024/11/this-is-the-date-when-life-on-earth-will-end-long-before-the-sun-explodes/,https://bunny-wp-pullzone-eduayjtzy5.b-cdn.net/wp-content/uploads/2024/11/this-is-the-date-when-life-on-earth-will-end-long-before-the-sun-explodes.jpg,Science
54,"Black Friday IS ON: See the best deals from Amazon, Walmart, Target, Kohl''s, Macy''s & more - WRAL News","The Black Friday sales at top retailers are LIVE NOW on Friday, Nov. 29 including excellent deals from Amazon, Walmart, Target, Kohl''s, JCPenney, Macy''s & more! Check out our list of top deals!","* This post contains affiliate links and we may earn a commission if you use them.
The Black Friday sales from top retailers are LIVE NOW on Friday, November 29 including Amazon, Walmart, Target, Ko… [+20297 chars]",WRAL.com,2024-11-29 19:59:53,https://www.wral.com/story/black-friday-is-on-see-the-best-deals-from-amazon-walmart-target-kohls-macys-more/21738730/,https://images.wral.com/asset/5oys/smartshopper/2022/11/05/20558279/wicked-monday-jxhM5Ni46zw-unsplash-DMID1-654py14bj-640x480.jpg,Business
51,20 Astonishing Indie Games To Play Or Wishlist Immediately - Kotaku,Thanksgaming 24 concludes with a second large helping of wonderful unknown games,"Thanksgaming 24 continues into Bleak Friday, to bring joy and light into the darkness. Here are another 20 games youve almost definitely never heard of before, but each offering something unique, spe… [+830 chars]",Kotaku,2024-11-29 19:00:00,https://kotaku.com/thanksgaming-24-unknown-indie-games-steam-wishlist-1851710308,"https://i.kinja-img.com/image/upload/c_fill,h_675,pg_1,q_80,w_1200/a0dc2823fabf3b652ad8eb5808fd9007.jpg",Entertainment
52,"STALKER 2 gets its first post-launch patch with 650 fixes in tow, including nerfs to mutants and improvements to Xbox gamepad deadzones - Windows Central","Patch 1.0.1 is a huge STALKER 2 polish pass updating various issues with the game, as well as tweaking balance for some of the game''s biggest pain points.","STALKER 2 launched on November 20, 2024 on PC and Xbox to widespread praise. Despite some rough edges, we couldn''t deny the sheer quality GSC Game World has managed to pour into STALKER 2 in our revi… [+10841 chars]",Windows Central,2024-11-29 16:49:16,https://www.windowscentral.com/gaming/stalker-2-gets-its-first-post-launch-patch-with-650-fixes-in-tow-including-nerfs-to-mutants-and-improvements-to-xbox-gamepad-deadzones,https://cdn.mos.cms.futurecdn.net/dcAU9cTMbS4YgZG9JGS9VY-1200-80.jpg,Environment
61,"Asian chip stocks mostly rise, shrugging off new U.S. semiconductor export curbs on China - CNBC","Shares of major Asian chip stocks mostly rose on Tuesday, shrugging off the U.S. announcing new emiconductor export controls on China.","Major Asian chip stocks outside of China rose Tuesday, shrugging off a new round of U.S. semiconductor export curbs aimed at impairing Beijing''s capability to produce certain high-end chips.
Taiwan … [+2560 chars]",CNBC,2024-12-03 04:14:00,https://www.cnbc.com/2024/12/03/asian-chip-stocks-mostly-rise-shrugging-off-new-us-semiconductor-export-curbs-on-china-.html,https://image.cnbcfm.com/api/v1/image/108069758-1733118336505-2024-12-02T050134Z_2373890_RC2VCZ9ITXAP_RTRMADP_3_USA-CHINA-CHIPS.JPG?v=1733118398&w=1920&h=1080,Technology
59,"NFL Week 13 grades: Broncos get ''B-'' for wild Monday night win over Browns, Bills earn ''A+'' for routing 49ers - CBS Sports",Here are the grades for every team that played in Week 13,"Welcome to the Week 13 grades!
If you''re a Bengals fan, it might be time to give up on the season. For the third straight week, the Bengals scored at least 27 points and for the third straight week,… [+1582 chars]",CBS Sports,2024-12-03 04:58:00,https://www.cbssports.com/nfl/news/nfl-week-13-grades-broncos-get-b-for-wild-monday-night-win-over-browns-bills-earn-a-for-routing-49ers/,https://sportshub.cbsistatic.com/i/r/2024/12/02/d1204377-20c9-44e1-9774-b971d3d77760/thumbnail/1200x675/3363630fd3831e71ae1267c8ac93ef51/josh-allen-g.jpg,E-Sports
69,Violence Exposure and Firearms Linked to Teen Suicide Risks - Neuroscience News,"A study of U.S. high school students reveals a strong link between suicidal behavior, externalizing behaviors (such as physical violence), and exposure to violence.","Summary: A study of U.S. high school students reveals a strong link between suicidal behavior, externalizing behaviors (such as physical violence), and exposure to violence. Adolescents with a histor… [+6580 chars]",Neurosciencenews.com,2024-12-02 22:20:50,https://neurosciencenews.com/violence-guns-teen-suicide-psychology-28160/,https://neurosciencenews.com/files/2024/12/violence-guns-teen-suicide-neuroscience.jpg,Lifestyle
77,"WWE Raw Results – 12/2/24 (The New Day celebrates 10 years together, CM Punk kicks off the show) - Wrestleview.com","WWE Raw ResultsDecember 2, 2024Everett, Washington (Angels of the Winds Arena)Commentary: Joe Tessitore and Wade BarrettResults by: Mike…","WWE Raw ResultsDecember 2, 2024Everett, Washington (Angels of the Winds Arena)Commentary: Joe Tessitore and Wade BarrettResults by: Mike Tedesco of Wrestleview.com
“Then. Now. Forever. Together.” Th… [+32988 chars]",Wrestleview.com,2024-12-03 04:01:06,https://www.wrestleview.com/wwe-raw-results/335134-live-wwe-raw-results-december-2-2024-everett/,http://www.wrestleview.com/wp-content/uploads/2024/12/20241125_RAW_Match_NewDay10_FC_Tonight-d06800166846cb1ae82fb23c4c796e8d.jpg,E-Sports
83,LL Cool J Says “Humbly” That “One Day People Are Going To Wake Up” & Say He “Is The Most Important Rapper That Ever Existed” - Yahoo Entertainment,"LL Cool J is seemingly in the mood to stir things up in the music industry with the latest take on himself. In a recent interview, the rapper said that...","LL Cool J is seemingly in the mood to stir things up in the music industry with the latest take on himself.
In a recent interview, the rapper said that people would recognize his greatness and his c… [+1297 chars]",Deadline,2024-12-03 00:10:00,https://deadline.com/2024/12/ll-cool-j-most-important-rapper-that-ever-existed-1236191766/,https://s.yimg.com/ny/api/res/1.2/M.arRCVSGKaJGzTXSwyydQ--/YXBwaWQ9aGlnaGxhbmRlcjt3PTEyMDA7aD02NzY-/https://media.zenfs.com/en/deadline.com/71890476ba8bd77fda47e0c77d3bc805,Entertainment
89,Empathy Loss in Dementia Linked to Brain Activity Changes - Neuroscience News,"Frontotemporal dementia, affecting about 3% of dementia patients in Sweden, is characterized by a loss of empathy that challenges patients and their families.","Summary: Frontotemporal dementia, affecting about 3% of dementia patients in Sweden, is characterized by a loss of empathy that challenges patients and their families.
Using functional MRI, research… [+3775 chars]",Neurosciencenews.com,2024-12-03 18:39:37,https://neurosciencenews.com/ftd-empathy-brain-28161/,https://neurosciencenews.com/files/2024/12/empathy-ftd-neuroscience.jpg,Politics
94,"LG''s G4 OLED TV is my No. 1 for best picture quality, and it''s $900 off after Cyber Monday - ZDNet","If you want a TV with the best picture quality that money can buy, the LG G4 OLED is it. The G4 offers the best color and contrast I''ve ever seen on a TV -- and the 65-inch is discounted 26% with this still-live Cyber Monday deal.","Adam Breeden/ZDNET
I''m not usually a fan of LG TVs, but I''ve tested the LG G4 OLED TV this year, and I have to admit that it has the most impressive picture quality of any TV I''ve ever bought, used,… [+5672 chars]",ZDNet,2024-12-03 16:58:00,https://www.zdnet.com/home-and-office/home-entertainment/lg-oled-tv-no-1-pick-best-picture-quality-cyber-monday-2024-12-03/,https://www.zdnet.com/a/img/resize/679309f8c6b1b2ce84f2342f1a0ef06bf222a9c5/2024/10/30/c945da9e-ea6d-4292-89dc-6001d6237d9f/lg-oled-evo-83g4-13.jpg?auto=webp&fit=crop&height=675&width=1200,Entertainment
118,"Aaron Rodgers: My body feels great, I want to be out there with the guys - NBC Sports","Jets interim head coach Jeff Ulbrich said on Monday that Aaron Rodgers will remain the team''s starting quarterback because '"we think he gives us the best opportunity to win'" and Rodgers reiterated on Tuesday that he''s not looking for an exit from a frustratin…",Jets interim head coach Jeff Ulbrich said on Monday that Aaron Rodgers will remain the teams starting quarterback because we think he gives us the best opportunity to win and Rodgers reiterated on Tu… [+687 chars],NBCSports.com,2024-12-03 18:54:47,https://www.nbcsports.com/nfl/profootballtalk/rumor-mill/news/aaron-rodgers-my-body-feels-great-i-want-to-be-out-there-with-the-guys,https://nbcsports.brightspotcdn.com/dims4/default/f4281e5/2147483647/strip/true/crop/8256x4644+0+0/resize/1440x810!/quality/90/?url=https%3A%2F%2Fnbc-sports-production-nbc-sports.s3.us-east-1.amazonaws.com%2Fbrightspot%2F57%2Ff7%2F1cbd8bdd4ab9b797bce8c5e30b2c%2Fhttps-api-imagn.com%2Frest%2Fdownload%2FimageID%3D24887114,Sports
36,Cheryl Hines sells products with naked RFK Jr. showering behind her - The Hill,"Actress Cheryl Hines, the wife of former independent presidential candidate Robert F. Kennedy Jr., posted a video promoting her beauty products featuring her husband showering half-naked in the background. In a video posted to social media, the 59-year old “C…","Skip to content
Actress Cheryl Hines, the wife of former independent presidential candidate Robert F. Kennedy Jr., posted a video promoting her beauty products featuring her husband showering half-n… [+1169 chars]",The Hill,2024-12-01 15:19:00,https://thehill.com/policy/healthcare/5016353-cheryl-hines-video-kennedy-shower/,https://thehill.com/wp-content/uploads/sites/2/2024/01/rfk_hinescheryl_ap.jpg?w=1280,Entertainment
48,Space photo of the week: James Webb telescope spots a secret star factory in the Sombrero Galaxy - Livescience.com,"This week, the James Webb Space Telescope zooms in on the iconic Sombrero Galaxy, revealing the first-ever mid-infrared observations of the hat-shaped wonder.","What it is: Sombrero Galaxy (M104), a spiral galaxy.
Where it is: 30 million light-years distant in the Virgo constellation.
When it was shared: Nov. 25, 2024.
Why it''s so special: It may have bee… [+2928 chars]",Live Science,2024-12-01 11:00:00,https://www.livescience.com/space/astronomy/space-photo-of-the-week-james-webb-telescope-spots-a-secret-star-factory-in-the-sombrero-galaxy,https://cdn.mos.cms.futurecdn.net/6x7gUsNr97bj78KWajv4pg-1200-80.jpg,Science
70,B/R Experts Week 14 NFL Power Rankings: Where Does Every Team Stand? - Bleacher Report,"Week 13 was action-packed. Three games on Thanksgiving. One
more on Friday. All 32 teams in action for the first time since Week 8. And all that action sent…","Will LevisCharles Brock/Icon Sportswire via Getty Images
Last Week: 27
Week 13 Result: Lost at Washington 42-19
After stunning the Houston Texans last week, the Tennessee Titans appeared to be bui… [+1487 chars]",Bleacher Report,2024-12-03 02:19:02,https://bleacherreport.com/articles/10145414-br-experts-week-14-nfl-power-rankings-where-does-every-team-stand,"https://media.bleacherreport.com/image/upload/c_fill,g_faces,w_3800,h_2000,q_95/v1733167248/cfal5yetw1nbht6rlg7w.jpg",Sports
84,Knocked Loose Frontman Addresses Viral Claim That Their TV Debut Scared An ADOLESCENT - Stereogum,"","Last week, Knocked Loose who just received their first Grammy nominationbrought hardcore mayhem to Kimmel with a ferocious performance with Poppy full of screaming and moshing. Shortly after, a Faceb… [+1057 chars]",Stereogum,2024-12-02 23:27:00,https://www.stereogum.com/2289371/knocked-loose-frontman-addresses-viral-claim-that-their-tv-debut-scared-an-adolescent/news/,https://static.stereogum.com/uploads/2024/12/knocked-loose-kimmel-1733183918.png,Politics
95,Mystery disease has killed dozens in Congo; experts arrive to try to ‘identify the problem’ - OregonLive,"Symptoms included fever, headache, cough and anemia.","KINSHASA, Congo An unknown disease has killed at least 67 people over a two-week span in southwestern Congo, local authorities said.
The deaths were recorded between Nov. 10 and Nov. 25 in the Panzi… [+854 chars]",OregonLive,2024-12-03 17:35:00,https://www.oregonlive.com/news/2024/12/mystery-disease-has-killed-dozens-in-congo-experts-arrive-to-try-to-identify-the-problem.html,https://www.oregonlive.com/resizer/v2/L27YZJWSRJA3HBIJVPCSVB5OWU.jpg?auth=92ff126653076eb8f5596e1c2876884372842d8de0ea3ae0c40142bdee3148bf&width=1280&quality=90,Health
37,"‘Modern Family’ stars Jesse Tyler Ferguson, Julie Bowen both rush their kids to the ER on Thanksgiving - New York Post ",Jesse Tyler Ferguson and Julie Bowen both gave an update on their kids’ health after their respective hospital trips.,"“Modern Family” alums Julie Bowen and Jesse Tyler Ferguson both spent their Thanksgivings in the hospitals.
The actors who played siblings on the hit sitcom each had to rush their sons to the ER on … [+2709 chars]",New York Post,2024-12-01 14:25:00,https://nypost.com/2024/12/01/entertainment/jesse-tyler-ferguson-julie-bowen-spend-thanksgiving-in-er-with-their-kids/,https://nypost.com/wp-content/uploads/sites/2/2024/12/94580043.jpg?quality=75&strip=all&w=1024,Entertainment
49,David Pollack Reveals College Football Playoff Predictions After Week 14 - Athlon Sports,David Pollack gave his predictions for the College Football Playoff after Week 14 came to an end,"Week 14 of the college football season had a lot of things going on. There were fights in the game, postgame brawls, rivals planting their flags on the opponents'' field, and even a scuffle between Oh… [+1644 chars]",Athlon Sports,2024-12-01 15:19:43,https://athlonsports.com/college-football/david-pollack-reveals-college-football-playoff-predictions-week-14,https://athlonsports.com/.image/t_share/MjEwMDU5MjcyNzgyODgyMTcw/usatsi_15384543.jpg,Sports
31,Southwest Airlines to end cabin service earlier on flights: Here’s why - KTLA Los Angeles,You’ll be asked to fasten your seatbelts and return your seat to the upright position earlier than before.,"(AP) Southwest Airlines says it is ending cabin service earlier on flights, requiring passengers to do the usual pre-landing procedures such as ensuring their seatbelts are fastened and returning the… [+1059 chars]",KTLA Los Angeles,2024-12-01 14:45:01,https://ktla.com/news/travel/southwest-airlines-to-end-cabin-service-earlier-on-flights-heres-why/,https://ktla.com/wp-content/uploads/sites/4/2024/12/AP24335626411135-e1733062534425.jpg?w=1280,Sports
62,Supermicro Stock Price Levels to Watch After Monday's Near-30% Surge - Investopedia,Supermicro shares jumped nearly 30% Monday after the server maker announced that an independent review of its accounting practices found no wrongdoing. Monitor these key chart levels.,<ul><li>Supermicro shares jumped nearly 30% Monday after the server maker announced that an independent review of its accounting practices found no wrongdoing. </li><li>The stock has reclaimed the lo… [+3461 chars],Investopedia,2024-12-03 03:16:05,https://www.investopedia.com/supermicro-stock-price-levels-to-watch-after-near-30-surge-8754248,https://www.investopedia.com/thmb/bA7T7mSDQr_OlJUjMGFxmumLYSE=/1500x0/filters:no_upscale():max_bytes(150000):strip_icc()/SMCIChart-0a0a6cc0ee2148c5b46ba09484f354ee.jpg,Entertainment
71,Six Plant-Based Compounds Show Neuroprotective Potential - Neuroscience News,"Researchers identified specific plant compounds that provide antioxidant and neuroprotective effects, contributing to brain health beyond basic nutrition.","Summary: Researchers identified specific plant compounds that provide antioxidant and neuroprotective effects, contributing to brain health beyond basic nutrition. By analyzing plant-based foods like… [+6658 chars]",Neurosciencenews.com,2024-12-02 21:25:56,https://neurosciencenews.com/neuroprotection-plant-compounds-28157/,https://neurosciencenews.com/files/2024/12/plant-compounds-brain-health-neurosicence.jpg,Science
79,BepiColombo probe captures haunting Mercury image on 5th of 6 gravity assist flybys (photo) - Space.com,"The European-Japanese BepiColombo probe made a close flyby of Mercury on Dec. 1, 2024 and captured an image of the planet.","The BepiColombo Mercury probe flew close to our solar system''s innermost planet this week, capturing another haunting image as it zoomed by.
On Sunday (Dec. 1), BepiColombo made its fifth of six fly… [+2363 chars]",Space.com,2024-12-02 21:45:37,https://www.space.com/the-universe/mercury/bepicolombo-probe-captures-haunting-mercury-image-on-5th-of-6-gravity-assist-flybys-photo,https://cdn.mos.cms.futurecdn.net/vhk4fRq7EQR6xVPb7jKrkK-1200-80.jpg,Science
96,Mattel Sued Over ‘Wicked’ Dolls That Included Link to Porn Website on Packaging - Variety,"Mattel is being sued for mistakenly printing the URL for a porn site on the packaging for dolls based on the '"Wicked'"  movie.","Mattel is being sued for mistakenly printing the URL for a pornographic site on the packaging for special-edition “Wicked” dolls. 
According to court documents, a South Carolina resident is launchin… [+1925 chars]",Variety,2024-12-03 18:23:00,https://variety.com/2024/film/news/mattel-sued-wicked-dolls-porn-website-1236233693/,https://variety.com/wp-content/uploads/2024/11/Mattel-Wicked-Dolls.png?w=869&h=563&crop=1,Entertainment
38,Unraveling the 50-Year Mystery of the Body in the Basement - Rolling Stone,"The Scene was the hottest club in New York. After it closed, a teen girl’s remains were discovered inside, leaving authorities with a puzzle to solve.","It’s a hot summer night in 1969, and for those of a certain age — young enough to turn on, tune in, drop out — Steve Paul’s the Scene is your place. As a spectator, a musician, a hanger-on. A place w… [+30782 chars]",Rolling Stone,2024-12-01 14:00:00,http://www.rollingstone.com/culture/culture-features/true-crime-mystery-murder-the-scene-new-york-1235156741/,https://www.rollingstone.com/wp-content/uploads/2024/11/bodyInTheBasementFinal-copy-1.jpg?w=1500&h=900&crop=1,Entertainment
72,35 Cyber Monday laptop deals you need to snag today: MacBooks to gaming - New York Post ,Laptop deals are still going strong this Cyber Monday!,"New York Post may be compensated and/or receive an affiliate commission if you buy through our links. Featured pricing is subject to change.
Here at Post Wanted, we love a good laptop. Even better: … [+13678 chars]",New York Post,2024-12-03 01:26:00,https://nypost.com/shopping/best-cyber-monday-laptop-deals-2024/,https://nypost.com/wp-content/uploads/sites/2/2024/12/laptopcyberfeat.jpg?quality=75&strip=all&w=1024,Technology
80,Big E returns to Raw to reunite New Day ... just not the way you’d think - Cageside Seats,"Big E was back in the ring with The New Day, but it went a different direction than you would have expected.","Xavier Woods and Kofi Kingston thanked the fans in Everett, Washington for celebrating them on this weeks episode of Monday Night Raw for their 10-year anniversary. Thats what the show was all about,… [+2003 chars]",Cageside Seats,2024-12-03 02:18:07,https://www.cagesideseats.com/wwe/2024/12/2/24311703/big-e-returns-wwe-raw-reunite-new-day-xavier-woods-kofi-kingston,https://cdn.vox-cdn.com/thumbor/Nmg8QBX2fUsxVTBvnUZ6oYa_Q3Q=/0x0:2081x1090/fit-in/1200x630/cdn.vox-cdn.com/uploads/chorus_asset/file/25770679/ND.png,E-Sports
55,Baldur’s Gate 3 Goes Out With a Final Bang in 2025 - Gizmodo,"Larian bids farewell to its fantasy-RPG next year with new subclasses, cross-play, and what else? Photo mode.","Of all last year’s major game releases, Baldur’s Gate 3 was the biggest in terms of reception and attention, and how much stuff was in it. Larian’s supported the game extensively since then, but the … [+2327 chars]",Gizmodo.com,2024-12-01 15:30:16,https://gizmodo.com/baldurs-gate-3-patch-8-2000532105,https://gizmodo.com/app/uploads/2024/08/Baldurs-Gate-3-Emperor-Romance-Scene.jpg,Sports
97,SF Giants broadcaster vehemently opposes 'absurd' proposed rule change - SFGATE,"San Francisco Giants broadcaster Mike Krukow is extremely against the '"Golden At-Bat'" idea that MLB Commissioner Rob Manfred floated recently.","Sportscaster Mike Krukow watches the game between the San Francisco Giants and the San Diego Padres from the broadcast center at Oracle Park on Oct. 1, 2021, in San Francisco.
Lachlan Cunningham/Get… [+1842 chars]",SFGate,2024-12-03 19:14:36,https://www.sfgate.com/giants/article/sf-giants-mike-krukow-opposes-golden-at-bat-19957395.php,https://s.hdnux.com/photos/01/46/22/60/26815546/3/rawImage.jpg,E-Sports
27,Intel Arc B570 GPU specs leak just days before launch - The Verge,"Intel is expected to release its Battlemage desktop GPU chips on December 3rd, but now a leaked spec sheet shows what we might see from the Arc B570 chip.","Intel Arc B570 GPU specs leak just days before launch
Intel Arc B570 GPU specs leak just days before launch
 / Intel is expected to release a pair of Battlemage desktop GPUs on December 3rd.
ByEmm… [+1611 chars]",The Verge,2024-12-01 15:12:50,https://www.theverge.com/2024/12/1/24310104/intel-arc-b570-battlemage-gpu-leaked-specs,https://cdn.vox-cdn.com/thumbor/p_SSAVLSsc4RBTbvdKFIQ-Q4QnU=/0x0:1784x1188/1200x628/filters:focal(875x648:876x649)/cdn.vox-cdn.com/uploads/chorus_asset/file/25767503/intel_arc_gpu_teaser.png,E-Sports
3,'Moana 2' Review: More Dutiful Than Inspired Sequel - Variety,"The songs lack Lin-Manuel Miranda''s magic, but the movie has vibrant monsters and a flow of movement that keeps your eyeballs dancing.","At the end of “Moana,” which came out in 2016, our plucky Polynesian heroine-who’s-not-a-princess had defeated the giant lava monster Te Kā and returned the heart of Te Fiti, the moss-green goddess o… [+5070 chars]",Variety,2024-11-26 17:00:00,https://variety.com/2024/film/reviews/moana-2-review-dwayne-johnson-auli-i-cravalho-1236222936/,https://variety.com/wp-content/uploads/2016/11/moana-2.jpg?w=1000&h=563&crop=1,Entertainment
39,Bob Bryar dead: Former My Chemical Romance drummer dies aged 44 - BBC.com,"He helped write songs for acclaimed record The Black Parade, deemed a '"defining album'" by critics.","Bob Bryar, former drummer for American rock band My Chemical Romance (MCR), has died aged 44 at his Tennessee home, according to US media.
He was the longest-serving drummer for the group, playing w… [+1683 chars]",BBC News,2024-12-01 13:38:11,https://www.bbc.com/news/articles/cy8n8dxy2j5o,https://ichef.bbci.co.uk/news/1024/branded_news/f325/live/142dc020-afec-11ef-93a6-9fd2d3586a96.jpg,Entertainment
57,It Used to Be One of the Main Ways Men Talked to Each Other. Then Everyone Went Silent. - Slate,I met some of my closest friends through multiplayer games. Then a strange happening turned everyone (literally) speechless.,"In 2005 I received a copy of World of Warcraft for my birthday. The game clocked in at 3 gigabytesa behemoth by the standards of the early 2000s, so big that it had to be distributed across four diff… [+13769 chars]",Slate Magazine,2024-12-01 15:00:00,https://slate.com/culture/2024/12/video-games-world-warcraft-multiplayer-call-duty-halo.html,https://compote.slate.com/images/e853f8a9-d8c5-49f9-9ed6-1cceb307dedc.jpeg?crop=1560%2C1040%2Cx0%2Cy0&width=1560,Technology
64,"Bo Nix, Broncos inch closer to playoff contention after outlasting Browns in surprising offensive thriller - Yahoo Sports",Denver is trying to make the playoff for the first time since 2015.,"The last time the Denver Broncos made the playoffs was the end of the 2015 season. That was Peyton Mannings last season, and the last time the Broncos had a viable quarterback.
Bo Nix is helping end… [+10365 chars]",Yahoo Entertainment,2024-12-03 04:52:29,https://sports.yahoo.com/live/bo-nix-broncos-inch-closer-to-playoff-contention-after-outlasting-browns-in-surprising-offensive-thriller-235724933.html,https://s.yimg.com/ny/api/res/1.2/.A05BpadrrTUwAb1_bp4HQ--/YXBwaWQ9aGlnaGxhbmRlcjt3PTEyMDA7aD04MDA-/https://s.yimg.com/os/creatr-uploaded-images/2024-11/3cb73180-b130-11ef-b7fb-672fa86a5e2b,Sports
73,Exploring Alien Oceans: NASA’s Bold Mission to Uranus’ Moons - SciTechDaily,"Nearly 40 years after Voyager 2''s journey, NASA plans to revisit Uranus to explore its moons for hidden liquid water oceans, using a new computer model. This model analyzes the moons'' rotational wobbles to infer the presence and size of subsurface oceans. The…","Using advanced models to detect rotational wobbles, NASA seeks to uncover hidden oceans on Uranus’s moons, potentially expanding the known environments where life could exist in the galaxy. Credit: D… [+5841 chars]",SciTechDaily,2024-12-03 02:55:04,https://scitechdaily.com/exploring-alien-oceans-nasas-bold-mission-to-uranus-moons/,https://scitechdaily.com/images/Ariel-Oribital-Wobbles.jpg,Environment
81,GOG’s preservation program lets you keep playing games after they’re delisted - The Verge,"GOG says that it will continue to support games in its preservation program even after they have been delisted, as Warcraft 1 and 2 will soon be.","GOGs preservation program lets you keep playing games after theyre delisted
GOGs preservation program lets you keep playing games after theyre delisted
 / GOG is delisting Warcraft I and II, but th… [+1376 chars]",The Verge,2024-12-02 23:37:35,https://www.theverge.com/2024/12/2/24311537/gog-preservation-program-warcraft-1-2-delisted-support-continues,https://cdn.vox-cdn.com/thumbor/GypmTBdxrNMqJRnzi6J1Yf37CNk=/0x0:1200x900/1200x628/filters:focal(600x450:601x451)/cdn.vox-cdn.com/uploads/chorus_asset/file/25770485/15ae9897b2ae3c7edda1e072ee5d1376d8b4a211ccedda6afa501ec3690f3294.jpg,E-Sports
98,How to get The Verge’s new print magazine - The Verge,"Introducing Content Goblins, a new gorgeous print magazine exclusively for subscribers to The Verge.","How to get The Verges new print magazine
How to get The Verges new print magazine
 / Subscribe and get our latest beautiful / deranged print product in the mail.
ByKevin Nguyen, a features editor … [+2302 chars]",The Verge,2024-12-03 16:30:19,https://www.theverge.com/2024/12/3/24307540/verge-print-magazine-seo-content-goblins,https://cdn.vox-cdn.com/thumbor/3AF3vCG9lF9no2miACQgjCr2HaQ=/0x0:2700x1800/1200x628/filters:focal(1350x900:1351x901)/cdn.vox-cdn.com/uploads/chorus_asset/file/25760331/247261_Goblin_zine_promo_AKrales_t2_1021.jpg,Entertainment
151,Battle Of The Weight-Loss Behemoths: Eli Lilly Whomps Novo Nordisk - Investor's Business Daily,Lilly touted findings from a head-to-head study of Zepbound and Wegovy.,"Eli Lilly (LLY) said Wednesday its obesity drug Zepbound spurred more weight loss than Novo Nordisk''s (NVO) Wegovy in the first-ever head-to-head study.
XNOW PLAYINGThe Weight-Loss Drug Market Is Ho… [+2914 chars]",Investor's Business Daily,2024-12-04 16:10:00,https://www.investors.com/news/technology/eli-lilly-zepbound-beats-novo-nordisk-wegovy-in-head-to-head-weight-loss-trial/,https://www.investors.com/wp-content/uploads/2024/09/Stock-EliLilly-building-04-shutt.jpg,Lifestyle
152,Mario & Luigi Brothership developer wanted an ‘edgier’ Mario but Nintendo said no - Video Games Chronicle,"“We’d unleashed Acquire into the wild, only to go chasing after them again”…","Acquire, the studio behind Mario &amp; Luigi: Brothership, says it originally wanted to give Mario an edgier look but Nintendo wasn’t convinced.
In a new Ask the Developer interview on the official … [+2981 chars]",Video Games Chronicle,2024-12-04 14:41:38,https://www.videogameschronicle.com/news/mario-luigi-brothership-developer-wanted-an-edgier-mario-but-nintendo-said-no/,https://www.videogameschronicle.com/files/2024/12/mlb-rugged.jpg,Entertainment
153,"Waterborne Disease Outbreaks Associated with Splash Pads — United States, 1997–2022 - CDC",This report characterizes waterborne disease outbreaks associated with splash pads reported to CDC during 1997–2022.,"All Splash Pad–Associated Outbreaks
During 1997–2022, public health officials from 23 states and Puerto Rico (Figure 1) reported 60 splash pad–associated outbreaks (Table 1). These 60 outbreaks were… [+6487 chars]",Cdc.gov,2024-12-04 14:36:03,https://www.cdc.gov/mmwr/volumes/73/ss/ss7308a1.htm,https://www.cdc.gov/mmwr/volumes/73/ss/social-media/ss7308a1_WaterborneDiseaseOutbreaksSpashPads_IMAGE_3DECEMBER24_1200x675.png?_=45529,E-Sports
154,Lose Weight and Prevent Sickness: Scientists Uncover Surprising Health Benefits of Drinking Plenty of Water - SciTechDaily,"In the first systematic look, UC San Francisco researchers have discovered that drinking water benefits a range of conditions, including obesity and migraines. Public health recommendations generally suggest drinking eight cups of water a day. And many people…","A UCSF study found that drinking adequate water can prevent kidney stones, aid weight loss, and improve conditions like migraines, diabetes, UTIs, and low blood pressure, though water needs vary by i… [+3399 chars]",SciTechDaily,2024-12-04 14:06:16,https://scitechdaily.com/lose-weight-and-prevent-sickness-scientists-uncover-surprising-health-benefits-of-drinking-plenty-of-water/,https://scitechdaily.com/images/More-Drinking-Water.jpg,Health
155,Microsoft’s New Update—Bad News Confirmed For 400 Million Windows Users - Forbes,Microsoft’s security nightmare is coming true—here’s what you need to know.,"Bad news suddenly hits Microsoft 
NurPhoto via Getty Images
Republished on December 4 with Microsofts confirmation on update restrictions.
Microsoft has a surprising new problem on its hands as it… [+5071 chars]",Forbes,2024-12-04 14:26:15,https://www.forbes.com/sites/zakdoffman/2024/12/04/microsofts-bad-news-15-million-windows-users-now-at-risk/,"https://imageio.forbes.com/specials-images/imageserve/6695f3f83a87798d607daf59/0x0.jpg?format=jpg&crop=2499,1531,x443,y345,safe&height=900&width=1600&fit=bounds",Technology
156,Nuclear Hearts Of NASA’s Voyager Probes Are Dying Taking The Crafts With Them - Jalopnik,"NASA’s ancient Voyager probes run on nuclear batteries that are running out of juice, so systems are being shut down one by one to eke out power","After launching into space almost 50 years ago, NASAs Voyager probes are reaching the end of their lives. The nuclear batteries onboard the two spacecraft are running out of juice, which means NASA i… [+3067 chars]",Jalopnik,2024-12-04 14:20:00,https://jalopnik.com/nuclear-hearts-of-nasa-s-voyager-probes-are-dying-takin-1851713066,"https://i.kinja-img.com/image/upload/c_fill,h_675,pg_1,q_80,w_1200/e622cb76734b8c18cba34a724b90d71f.jpg",Technology
157,"National signing day live: Commits, flips, rumors and best moments - ESPN","We''re tracking the latest news, rumors and class rankings updates on signing day.",College football's national signing day has kicked off with the early signing period. Class of 2025 high school recruits are now able to sign their national letters of intent to lock them into the co… [+653 chars],ESPN,2024-12-04 16:15:00,https://www.espn.com/college-football/recruiting/story/_/id/42648155/college-football-signing-day-2025-class-live-commits-flips-rumors-best-moments,https://a.espncdn.com/combiner/i?img=%2Fphoto%2F2024%2F1204%2Fr1423384_1296x729_16%2D9.jpg,E-Sports
158,Why Za’Darius Smith must take down his former team in Green Bay - Pride Of Detroit,"Taking on the Green Bay Packers, Detroit Lions defensive end Za’Darius Smith has a chance to get revenge against his former team and boost Detroit’s divisional lead.","The NFC North is easily the best division in the NFL right now. The Detroit Lions have the lead with an 11-1 record, but the Minnesota Vikings and the Green Bay Packers are right behind them. The Vik… [+4031 chars]",Prideofdetroit.com,2024-12-04 12:30:00,https://www.prideofdetroit.com/2024/12/4/24309161/why-detroit-lions-zadarius-smith-must-have-big-revenge-game-against-green-bay-packers,https://cdn.vox-cdn.com/thumbor/-kdOEUbQ7T_J-5eieNSCNQuf8ls=/0x345:5735x3348/fit-in/1200x630/cdn.vox-cdn.com/uploads/chorus_asset/file/25765679/usa_today_24785585.jpg,E-Sports
159,ESPN is coming to the Disney Plus app starting today - The Verge,Disney Plus is bringing ESPN’s content to the popular streaming app so bundle subscribers can stream everything in one place.,"ESPN is coming to the Disney Plus app starting today
ESPN is coming to the Disney Plus app starting today
 / For now its just games and events from ESPN Plus. But next year, the real ESPN will be t… [+3289 chars]",The Verge,2024-12-04 15:00:00,https://www.theverge.com/2024/12/4/24312617/espn-disney-plus-now-available-bundle-free-preview,https://cdn.vox-cdn.com/thumbor/bXrztA7sOgXI262LqjhJ_sMPRLY=/0x0:2911x2183/1200x628/filters:focal(1456x1092:1457x1093)/cdn.vox-cdn.com/uploads/chorus_asset/file/25772407/disneyespn.jpg,E-Sports
